name	n	port_ms	reference_ms	ratio	p25	p75	ident
photo_cid-512-q40-p2	9	2103.498795	2105.856859	0.9986797716475021	0.9969423175222002	1.0029743306150303	Y
photo_cid-512-q40-p6	9	62.231299	62.399694	0.9978845385580277	0.9950700719782376	1.002910920708301	Y
photo_cid-512-q40-p8	9	12.218446	12.179033	1.0081120121986633	1.0005220422482914	1.0095151114616214	Y
photo_clic-512-q40-p2	9	539.797799	550.505617	0.9975314639233883	0.9915244380993096	1.0029503591709819	Y
photo_clic-512-q40-p6	9	30.634813	30.615226	1.0062133240383246	1.0050114703835096	1.0113365294030656	Y
photo_clic-512-q40-p8	9	6.628577	6.626319	1.0004684680157436	0.9969062201653505	1.00239489693998	Y
screen_terminal-512-q40-p2	9	574.981732	573.529683	0.9998757820024917	0.9972055560461632	1.0029874887883587	Y
screen_terminal-512-q40-p6	9	34.919504	34.890286	0.9990747446171466	0.9950321311153352	1.0044300869302132	Y
screen_terminal-512-q40-p8	9	8.946388	8.917555	1.0041265386536746	1.0010916562610135	1.0069809587602072	Y
