# port-vs-C byte identity at UNALIGNED (partial-SB) dims, real content
# commit=d4b134f33 host=mac date=2026-08-14T05:55:22Z
# oracle=tools/perf_c_encode (matched still/CQP config, 30 fps both sides)
# dims=[64x64 96x88 128x136 256x166 188x256 256x160] presets=[2 4 6 8 10 13] qps=[12 33 55] images=6
image	w	h	aligned_w	aligned_h	preset	qp	port_bytes	c_bytes	ndiff	first_diff	verdict
city-lossless	64	64	64	64	2	12	1427	1427	0	-1	IDENTICAL
city-lossless	64	64	64	64	2	33	549	549	0	-1	IDENTICAL
city-lossless	64	64	64	64	2	55	135	135	0	-1	IDENTICAL
city-lossless	64	64	64	64	4	12	1433	1433	0	-1	IDENTICAL
city-lossless	64	64	64	64	4	33	550	550	0	-1	IDENTICAL
city-lossless	64	64	64	64	4	55	142	142	0	-1	IDENTICAL
city-lossless	64	64	64	64	6	12	1501	1501	0	-1	IDENTICAL
city-lossless	64	64	64	64	6	33	602	602	0	-1	IDENTICAL
city-lossless	64	64	64	64	6	55	144	144	0	-1	IDENTICAL
city-lossless	64	64	64	64	8	12	1532	1532	0	-1	IDENTICAL
city-lossless	64	64	64	64	8	33	628	628	0	-1	IDENTICAL
city-lossless	64	64	64	64	8	55	135	135	0	-1	IDENTICAL
city-lossless	64	64	64	64	10	12	1571	1571	0	-1	IDENTICAL
city-lossless	64	64	64	64	10	33	648	648	0	-1	IDENTICAL
city-lossless	64	64	64	64	10	55	146	146	0	-1	IDENTICAL
city-lossless	64	64	64	64	13	12	1571	1571	0	-1	IDENTICAL
city-lossless	64	64	64	64	13	33	648	648	0	-1	IDENTICAL
city-lossless	64	64	64	64	13	55	146	146	0	-1	IDENTICAL
city-lossless	96	88	96	88	2	12	2620	2620	0	-1	IDENTICAL
city-lossless	96	88	96	88	2	33	1016	1016	0	-1	IDENTICAL
city-lossless	96	88	96	88	2	55	247	247	0	-1	IDENTICAL
city-lossless	96	88	96	88	4	12	2657	2657	0	-1	IDENTICAL
city-lossless	96	88	96	88	4	33	1069	1069	0	-1	IDENTICAL
city-lossless	96	88	96	88	4	55	242	242	0	-1	IDENTICAL
city-lossless	96	88	96	88	6	12	2793	2793	0	-1	IDENTICAL
city-lossless	96	88	96	88	6	33	1148	1148	0	-1	IDENTICAL
city-lossless	96	88	96	88	6	55	253	253	0	-1	IDENTICAL
city-lossless	96	88	96	88	8	12	2855	2855	0	-1	IDENTICAL
city-lossless	96	88	96	88	8	33	1170	1170	0	-1	IDENTICAL
city-lossless	96	88	96	88	8	55	247	247	0	-1	IDENTICAL
city-lossless	96	88	96	88	10	12	2964	2964	0	-1	IDENTICAL
city-lossless	96	88	96	88	10	33	1199	1199	0	-1	IDENTICAL
city-lossless	96	88	96	88	10	55	248	248	0	-1	IDENTICAL
city-lossless	96	88	96	88	13	12	2964	2964	0	-1	IDENTICAL
city-lossless	96	88	96	88	13	33	1199	1199	0	-1	IDENTICAL
city-lossless	96	88	96	88	13	55	248	248	0	-1	IDENTICAL
city-lossless	128	136	128	136	2	12	4598	4598	0	-1	IDENTICAL
city-lossless	128	136	128	136	2	33	1804	1804	0	-1	IDENTICAL
city-lossless	128	136	128	136	2	55	407	407	0	-1	IDENTICAL
city-lossless	128	136	128	136	4	12	4708	4708	0	-1	IDENTICAL
city-lossless	128	136	128	136	4	33	1845	1845	0	-1	IDENTICAL
city-lossless	128	136	128	136	4	55	400	400	0	-1	IDENTICAL
city-lossless	128	136	128	136	6	12	4939	4939	0	-1	IDENTICAL
city-lossless	128	136	128	136	6	33	1961	1961	0	-1	IDENTICAL
city-lossless	128	136	128	136	6	55	419	419	0	-1	IDENTICAL
city-lossless	128	136	128	136	8	12	5050	5050	0	-1	IDENTICAL
city-lossless	128	136	128	136	8	33	2002	2002	0	-1	IDENTICAL
city-lossless	128	136	128	136	8	55	405	405	0	-1	IDENTICAL
city-lossless	128	136	128	136	10	12	5289	5289	0	-1	IDENTICAL
city-lossless	128	136	128	136	10	33	2037	2037	0	-1	IDENTICAL
city-lossless	128	136	128	136	10	55	407	407	0	-1	IDENTICAL
city-lossless	128	136	128	136	13	12	5289	5289	0	-1	IDENTICAL
city-lossless	128	136	128	136	13	33	2037	2037	0	-1	IDENTICAL
city-lossless	128	136	128	136	13	55	407	407	0	-1	IDENTICAL
city-lossless	256	166	256	168	2	12	12672	12672	0	-1	IDENTICAL
city-lossless	256	166	256	168	2	33	5192	5192	0	-1	IDENTICAL
city-lossless	256	166	256	168	2	55	1067	1067	0	-1	IDENTICAL
city-lossless	256	166	256	168	4	12	12829	12829	0	-1	IDENTICAL
city-lossless	256	166	256	168	4	33	5280	5280	0	-1	IDENTICAL
city-lossless	256	166	256	168	4	55	1046	1046	0	-1	IDENTICAL
city-lossless	256	166	256	168	6	12	13331	13331	0	-1	IDENTICAL
city-lossless	256	166	256	168	6	33	5551	5551	0	-1	IDENTICAL
city-lossless	256	166	256	168	6	55	1047	1047	0	-1	IDENTICAL
city-lossless	256	166	256	168	8	12	13725	13725	0	-1	IDENTICAL
city-lossless	256	166	256	168	8	33	5651	5651	0	-1	IDENTICAL
city-lossless	256	166	256	168	8	55	1034	1034	0	-1	IDENTICAL
city-lossless	256	166	256	168	10	12	14225	14225	0	-1	IDENTICAL
city-lossless	256	166	256	168	10	33	5796	5796	0	-1	IDENTICAL
city-lossless	256	166	256	168	10	55	1050	1050	0	-1	IDENTICAL
city-lossless	256	166	256	168	13	12	14225	14225	0	-1	IDENTICAL
city-lossless	256	166	256	168	13	33	5796	5796	0	-1	IDENTICAL
city-lossless	256	166	256	168	13	55	1050	1050	0	-1	IDENTICAL
city-lossless	188	256	192	256	2	12	12331	12331	0	-1	IDENTICAL
city-lossless	188	256	192	256	2	33	5019	5019	0	-1	IDENTICAL
city-lossless	188	256	192	256	2	55	1023	1023	0	-1	IDENTICAL
city-lossless	188	256	192	256	4	12	12581	12581	0	-1	IDENTICAL
city-lossless	188	256	192	256	4	33	5088	5088	0	-1	IDENTICAL
city-lossless	188	256	192	256	4	55	964	964	0	-1	IDENTICAL
city-lossless	188	256	192	256	6	12	13072	13072	0	-1	IDENTICAL
city-lossless	188	256	192	256	6	33	5292	5292	0	-1	IDENTICAL
city-lossless	188	256	192	256	6	55	992	992	0	-1	IDENTICAL
city-lossless	188	256	192	256	8	12	13526	13526	0	-1	IDENTICAL
city-lossless	188	256	192	256	8	33	5373	5373	0	-1	IDENTICAL
city-lossless	188	256	192	256	8	55	954	954	0	-1	IDENTICAL
city-lossless	188	256	192	256	10	12	14172	14172	0	-1	IDENTICAL
city-lossless	188	256	192	256	10	33	5536	5536	0	-1	IDENTICAL
city-lossless	188	256	192	256	10	55	999	999	0	-1	IDENTICAL
city-lossless	188	256	192	256	13	12	14172	14172	0	-1	IDENTICAL
city-lossless	188	256	192	256	13	33	5536	5536	0	-1	IDENTICAL
city-lossless	188	256	192	256	13	55	999	999	0	-1	IDENTICAL
city-lossless	256	160	256	160	2	12	12223	12223	0	-1	IDENTICAL
city-lossless	256	160	256	160	2	33	5051	5051	0	-1	IDENTICAL
city-lossless	256	160	256	160	2	55	1030	1030	0	-1	IDENTICAL
city-lossless	256	160	256	160	4	12	12359	12359	0	-1	IDENTICAL
city-lossless	256	160	256	160	4	33	5069	5069	0	-1	IDENTICAL
city-lossless	256	160	256	160	4	55	974	974	0	-1	IDENTICAL
city-lossless	256	160	256	160	6	12	12745	12745	0	-1	IDENTICAL
city-lossless	256	160	256	160	6	33	5301	5301	0	-1	IDENTICAL
city-lossless	256	160	256	160	6	55	1000	1000	0	-1	IDENTICAL
city-lossless	256	160	256	160	8	12	13104	13104	0	-1	IDENTICAL
city-lossless	256	160	256	160	8	33	5416	5416	0	-1	IDENTICAL
city-lossless	256	160	256	160	8	55	968	968	0	-1	IDENTICAL
city-lossless	256	160	256	160	10	12	13679	13679	0	-1	IDENTICAL
city-lossless	256	160	256	160	10	33	5580	5580	0	-1	IDENTICAL
city-lossless	256	160	256	160	10	55	1022	1022	0	-1	IDENTICAL
city-lossless	256	160	256	160	13	12	13679	13679	0	-1	IDENTICAL
city-lossless	256	160	256	160	13	33	5580	5580	0	-1	IDENTICAL
city-lossless	256	160	256	160	13	55	1022	1022	0	-1	IDENTICAL
flowers-lossless	64	64	64	64	2	12	1932	1932	0	-1	IDENTICAL
flowers-lossless	64	64	64	64	2	33	771	771	0	-1	IDENTICAL
flowers-lossless	64	64	64	64	2	55	163	163	0	-1	IDENTICAL
flowers-lossless	64	64	64	64	4	12	1926	1926	0	-1	IDENTICAL
flowers-lossless	64	64	64	64	4	33	787	787	0	-1	IDENTICAL
flowers-lossless	64	64	64	64	4	55	158	158	0	-1	IDENTICAL
flowers-lossless	64	64	64	64	6	12	1952	1952	0	-1	IDENTICAL
flowers-lossless	64	64	64	64	6	33	793	793	0	-1	IDENTICAL
flowers-lossless	64	64	64	64	6	55	151	151	0	-1	IDENTICAL
flowers-lossless	64	64	64	64	8	12	2005	2005	0	-1	IDENTICAL
flowers-lossless	64	64	64	64	8	33	821	821	0	-1	IDENTICAL
flowers-lossless	64	64	64	64	8	55	148	148	0	-1	IDENTICAL
flowers-lossless	64	64	64	64	10	12	1993	1993	0	-1	IDENTICAL
flowers-lossless	64	64	64	64	10	33	814	814	0	-1	IDENTICAL
flowers-lossless	64	64	64	64	10	55	150	150	0	-1	IDENTICAL
flowers-lossless	64	64	64	64	13	12	1993	1993	0	-1	IDENTICAL
flowers-lossless	64	64	64	64	13	33	814	814	0	-1	IDENTICAL
flowers-lossless	64	64	64	64	13	55	150	150	0	-1	IDENTICAL
flowers-lossless	96	88	96	88	2	12	3894	3894	0	-1	IDENTICAL
flowers-lossless	96	88	96	88	2	33	1544	1544	0	-1	IDENTICAL
flowers-lossless	96	88	96	88	2	55	299	299	0	-1	IDENTICAL
flowers-lossless	96	88	96	88	4	12	3918	3918	0	-1	IDENTICAL
flowers-lossless	96	88	96	88	4	33	1543	1543	0	-1	IDENTICAL
flowers-lossless	96	88	96	88	4	55	281	281	0	-1	IDENTICAL
flowers-lossless	96	88	96	88	6	12	3964	3964	0	-1	IDENTICAL
flowers-lossless	96	88	96	88	6	33	1549	1549	0	-1	IDENTICAL
flowers-lossless	96	88	96	88	6	55	293	293	0	-1	IDENTICAL
flowers-lossless	96	88	96	88	8	12	4040	4040	0	-1	IDENTICAL
flowers-lossless	96	88	96	88	8	33	1597	1597	0	-1	IDENTICAL
flowers-lossless	96	88	96	88	8	55	286	286	0	-1	IDENTICAL
flowers-lossless	96	88	96	88	10	12	4039	4039	0	-1	IDENTICAL
flowers-lossless	96	88	96	88	10	33	1579	1579	0	-1	IDENTICAL
flowers-lossless	96	88	96	88	10	55	279	279	0	-1	IDENTICAL
flowers-lossless	96	88	96	88	13	12	4039	4039	0	-1	IDENTICAL
flowers-lossless	96	88	96	88	13	33	1579	1579	0	-1	IDENTICAL
flowers-lossless	96	88	96	88	13	55	279	279	0	-1	IDENTICAL
flowers-lossless	128	136	128	136	2	12	8081	8081	0	-1	IDENTICAL
flowers-lossless	128	136	128	136	2	33	3183	3183	0	-1	IDENTICAL
flowers-lossless	128	136	128	136	2	55	547	547	0	-1	IDENTICAL
flowers-lossless	128	136	128	136	4	12	8116	8116	0	-1	IDENTICAL
flowers-lossless	128	136	128	136	4	33	3148	3148	0	-1	IDENTICAL
flowers-lossless	128	136	128	136	4	55	549	549	0	-1	IDENTICAL
flowers-lossless	128	136	128	136	6	12	8210	8210	0	-1	IDENTICAL
flowers-lossless	128	136	128	136	6	33	3197	3197	0	-1	IDENTICAL
flowers-lossless	128	136	128	136	6	55	527	527	0	-1	IDENTICAL
flowers-lossless	128	136	128	136	8	12	8336	8336	0	-1	IDENTICAL
flowers-lossless	128	136	128	136	8	33	3235	3235	0	-1	IDENTICAL
flowers-lossless	128	136	128	136	8	55	538	538	0	-1	IDENTICAL
flowers-lossless	128	136	128	136	10	12	8293	8293	0	-1	IDENTICAL
flowers-lossless	128	136	128	136	10	33	3256	3256	0	-1	IDENTICAL
flowers-lossless	128	136	128	136	10	55	539	539	0	-1	IDENTICAL
flowers-lossless	128	136	128	136	13	12	8293	8293	0	-1	IDENTICAL
flowers-lossless	128	136	128	136	13	33	3256	3256	0	-1	IDENTICAL
flowers-lossless	128	136	128	136	13	55	539	539	0	-1	IDENTICAL
flowers-lossless	256	166	256	168	2	12	19563	19563	0	-1	IDENTICAL
flowers-lossless	256	166	256	168	2	33	7614	7614	0	-1	IDENTICAL
flowers-lossless	256	166	256	168	2	55	1338	1338	0	-1	IDENTICAL
flowers-lossless	256	166	256	168	4	12	19591	19591	0	-1	IDENTICAL
flowers-lossless	256	166	256	168	4	33	7644	7644	0	-1	IDENTICAL
flowers-lossless	256	166	256	168	4	55	1289	1289	0	-1	IDENTICAL
flowers-lossless	256	166	256	168	6	12	19845	19845	0	-1	IDENTICAL
flowers-lossless	256	166	256	168	6	33	7737	7737	0	-1	IDENTICAL
flowers-lossless	256	166	256	168	6	55	1222	1222	0	-1	IDENTICAL
flowers-lossless	256	166	256	168	8	12	20237	20237	0	-1	IDENTICAL
flowers-lossless	256	166	256	168	8	33	7796	7796	0	-1	IDENTICAL
flowers-lossless	256	166	256	168	8	55	1227	1227	0	-1	IDENTICAL
flowers-lossless	256	166	256	168	10	12	20299	20299	0	-1	IDENTICAL
flowers-lossless	256	166	256	168	10	33	7724	7724	0	-1	IDENTICAL
flowers-lossless	256	166	256	168	10	55	1229	1229	0	-1	IDENTICAL
flowers-lossless	256	166	256	168	13	12	20299	20299	0	-1	IDENTICAL
flowers-lossless	256	166	256	168	13	33	7724	7724	0	-1	IDENTICAL
flowers-lossless	256	166	256	168	13	55	1229	1229	0	-1	IDENTICAL
flowers-lossless	188	256	192	256	2	12	22066	22066	0	-1	IDENTICAL
flowers-lossless	188	256	192	256	2	33	8712	8712	0	-1	IDENTICAL
flowers-lossless	188	256	192	256	2	55	1557	1557	0	-1	IDENTICAL
flowers-lossless	188	256	192	256	4	12	22242	22242	0	-1	IDENTICAL
flowers-lossless	188	256	192	256	4	33	8668	8668	0	-1	IDENTICAL
flowers-lossless	188	256	192	256	4	55	1442	1442	0	-1	IDENTICAL
flowers-lossless	188	256	192	256	6	12	22500	22500	0	-1	IDENTICAL
flowers-lossless	188	256	192	256	6	33	8864	8864	0	-1	IDENTICAL
flowers-lossless	188	256	192	256	6	55	1436	1436	0	-1	IDENTICAL
flowers-lossless	188	256	192	256	8	12	23041	23041	0	-1	IDENTICAL
flowers-lossless	188	256	192	256	8	33	8939	8939	0	-1	IDENTICAL
flowers-lossless	188	256	192	256	8	55	1366	1366	0	-1	IDENTICAL
flowers-lossless	188	256	192	256	10	12	23043	23043	0	-1	IDENTICAL
flowers-lossless	188	256	192	256	10	33	8882	8882	0	-1	IDENTICAL
flowers-lossless	188	256	192	256	10	55	1411	1411	0	-1	IDENTICAL
flowers-lossless	188	256	192	256	13	12	23043	23043	0	-1	IDENTICAL
flowers-lossless	188	256	192	256	13	33	8882	8882	0	-1	IDENTICAL
flowers-lossless	188	256	192	256	13	55	1411	1411	0	-1	IDENTICAL
flowers-lossless	256	160	256	160	2	12	18706	18706	0	-1	IDENTICAL
flowers-lossless	256	160	256	160	2	33	7367	7367	0	-1	IDENTICAL
flowers-lossless	256	160	256	160	2	55	1196	1196	0	-1	IDENTICAL
flowers-lossless	256	160	256	160	4	12	18772	18772	0	-1	IDENTICAL
flowers-lossless	256	160	256	160	4	33	7324	7324	0	-1	IDENTICAL
flowers-lossless	256	160	256	160	4	55	1204	1204	0	-1	IDENTICAL
flowers-lossless	256	160	256	160	6	12	18984	18984	0	-1	IDENTICAL
flowers-lossless	256	160	256	160	6	33	7456	7456	0	-1	IDENTICAL
flowers-lossless	256	160	256	160	6	55	1152	1152	0	-1	IDENTICAL
flowers-lossless	256	160	256	160	8	12	19344	19344	0	-1	IDENTICAL
flowers-lossless	256	160	256	160	8	33	7472	7472	0	-1	IDENTICAL
flowers-lossless	256	160	256	160	8	55	1113	1113	0	-1	IDENTICAL
flowers-lossless	256	160	256	160	10	12	19275	19275	0	-1	IDENTICAL
flowers-lossless	256	160	256	160	10	33	7428	7428	0	-1	IDENTICAL
flowers-lossless	256	160	256	160	10	55	1150	1150	0	-1	IDENTICAL
flowers-lossless	256	160	256	160	13	12	19275	19275	0	-1	IDENTICAL
flowers-lossless	256	160	256	160	13	33	7428	7428	0	-1	IDENTICAL
flowers-lossless	256	160	256	160	13	55	1150	1150	0	-1	IDENTICAL
097cb426910ba8ce2525dd8bb7fb1777	64	64	64	64	2	12	279	279	0	-1	IDENTICAL
097cb426910ba8ce2525dd8bb7fb1777	64	64	64	64	2	33	77	77	0	-1	IDENTICAL
097cb426910ba8ce2525dd8bb7fb1777	64	64	64	64	2	55	40	40	0	-1	IDENTICAL
097cb426910ba8ce2525dd8bb7fb1777	64	64	64	64	4	12	294	294	0	-1	IDENTICAL
097cb426910ba8ce2525dd8bb7fb1777	64	64	64	64	4	33	84	84	0	-1	IDENTICAL
097cb426910ba8ce2525dd8bb7fb1777	64	64	64	64	4	55	39	39	0	-1	IDENTICAL
097cb426910ba8ce2525dd8bb7fb1777	64	64	64	64	6	12	299	299	0	-1	IDENTICAL
097cb426910ba8ce2525dd8bb7fb1777	64	64	64	64	6	33	81	81	0	-1	IDENTICAL
097cb426910ba8ce2525dd8bb7fb1777	64	64	64	64	6	55	41	41	0	-1	IDENTICAL
097cb426910ba8ce2525dd8bb7fb1777	64	64	64	64	8	12	306	306	0	-1	IDENTICAL
097cb426910ba8ce2525dd8bb7fb1777	64	64	64	64	8	33	81	81	0	-1	IDENTICAL
097cb426910ba8ce2525dd8bb7fb1777	64	64	64	64	8	55	41	41	0	-1	IDENTICAL
097cb426910ba8ce2525dd8bb7fb1777	64	64	64	64	10	12	320	320	0	-1	IDENTICAL
097cb426910ba8ce2525dd8bb7fb1777	64	64	64	64	10	33	88	88	0	-1	IDENTICAL
097cb426910ba8ce2525dd8bb7fb1777	64	64	64	64	10	55	41	41	0	-1	IDENTICAL
097cb426910ba8ce2525dd8bb7fb1777	64	64	64	64	13	12	320	320	0	-1	IDENTICAL
097cb426910ba8ce2525dd8bb7fb1777	64	64	64	64	13	33	88	88	0	-1	IDENTICAL
097cb426910ba8ce2525dd8bb7fb1777	64	64	64	64	13	55	41	41	0	-1	IDENTICAL
097cb426910ba8ce2525dd8bb7fb1777	96	88	96	88	2	12	693	693	0	-1	IDENTICAL
097cb426910ba8ce2525dd8bb7fb1777	96	88	96	88	2	33	142	142	0	-1	IDENTICAL
097cb426910ba8ce2525dd8bb7fb1777	96	88	96	88	2	55	61	61	0	-1	IDENTICAL
097cb426910ba8ce2525dd8bb7fb1777	96	88	96	88	4	12	697	697	0	-1	IDENTICAL
097cb426910ba8ce2525dd8bb7fb1777	96	88	96	88	4	33	141	141	0	-1	IDENTICAL
097cb426910ba8ce2525dd8bb7fb1777	96	88	96	88	4	55	57	57	0	-1	IDENTICAL
097cb426910ba8ce2525dd8bb7fb1777	96	88	96	88	6	12	738	738	0	-1	IDENTICAL
097cb426910ba8ce2525dd8bb7fb1777	96	88	96	88	6	33	157	157	0	-1	IDENTICAL
097cb426910ba8ce2525dd8bb7fb1777	96	88	96	88	6	55	64	64	0	-1	IDENTICAL
097cb426910ba8ce2525dd8bb7fb1777	96	88	96	88	8	12	770	770	0	-1	IDENTICAL
097cb426910ba8ce2525dd8bb7fb1777	96	88	96	88	8	33	158	158	0	-1	IDENTICAL
097cb426910ba8ce2525dd8bb7fb1777	96	88	96	88	8	55	57	57	0	-1	IDENTICAL
097cb426910ba8ce2525dd8bb7fb1777	96	88	96	88	10	12	798	798	0	-1	IDENTICAL
097cb426910ba8ce2525dd8bb7fb1777	96	88	96	88	10	33	176	176	0	-1	IDENTICAL
097cb426910ba8ce2525dd8bb7fb1777	96	88	96	88	10	55	58	58	0	-1	IDENTICAL
097cb426910ba8ce2525dd8bb7fb1777	96	88	96	88	13	12	798	798	0	-1	IDENTICAL
097cb426910ba8ce2525dd8bb7fb1777	96	88	96	88	13	33	176	176	0	-1	IDENTICAL
097cb426910ba8ce2525dd8bb7fb1777	96	88	96	88	13	55	58	58	0	-1	IDENTICAL
097cb426910ba8ce2525dd8bb7fb1777	128	136	128	136	2	12	1436	1436	0	-1	IDENTICAL
097cb426910ba8ce2525dd8bb7fb1777	128	136	128	136	2	33	224	224	0	-1	IDENTICAL
097cb426910ba8ce2525dd8bb7fb1777	128	136	128	136	2	55	80	80	0	-1	IDENTICAL
097cb426910ba8ce2525dd8bb7fb1777	128	136	128	136	4	12	1448	1448	0	-1	IDENTICAL
097cb426910ba8ce2525dd8bb7fb1777	128	136	128	136	4	33	228	228	0	-1	IDENTICAL
097cb426910ba8ce2525dd8bb7fb1777	128	136	128	136	4	55	77	77	0	-1	IDENTICAL
097cb426910ba8ce2525dd8bb7fb1777	128	136	128	136	6	12	1534	1534	0	-1	IDENTICAL
097cb426910ba8ce2525dd8bb7fb1777	128	136	128	136	6	33	271	271	0	-1	IDENTICAL
097cb426910ba8ce2525dd8bb7fb1777	128	136	128	136	6	55	80	80	0	-1	IDENTICAL
097cb426910ba8ce2525dd8bb7fb1777	128	136	128	136	8	12	1565	1565	0	-1	IDENTICAL
097cb426910ba8ce2525dd8bb7fb1777	128	136	128	136	8	33	298	298	0	-1	IDENTICAL
097cb426910ba8ce2525dd8bb7fb1777	128	136	128	136	8	55	87	87	0	-1	IDENTICAL
097cb426910ba8ce2525dd8bb7fb1777	128	136	128	136	10	12	1587	1587	0	-1	IDENTICAL
097cb426910ba8ce2525dd8bb7fb1777	128	136	128	136	10	33	294	294	0	-1	IDENTICAL
097cb426910ba8ce2525dd8bb7fb1777	128	136	128	136	10	55	82	82	0	-1	IDENTICAL
097cb426910ba8ce2525dd8bb7fb1777	128	136	128	136	13	12	1587	1587	0	-1	IDENTICAL
097cb426910ba8ce2525dd8bb7fb1777	128	136	128	136	13	33	294	294	0	-1	IDENTICAL
097cb426910ba8ce2525dd8bb7fb1777	128	136	128	136	13	55	82	82	0	-1	IDENTICAL
097cb426910ba8ce2525dd8bb7fb1777	256	166	256	168	2	12	3027	3027	0	-1	IDENTICAL
097cb426910ba8ce2525dd8bb7fb1777	256	166	256	168	2	33	484	484	0	-1	IDENTICAL
097cb426910ba8ce2525dd8bb7fb1777	256	166	256	168	2	55	132	132	0	-1	IDENTICAL
097cb426910ba8ce2525dd8bb7fb1777	256	166	256	168	4	12	3063	3063	0	-1	IDENTICAL
097cb426910ba8ce2525dd8bb7fb1777	256	166	256	168	4	33	473	473	0	-1	IDENTICAL
097cb426910ba8ce2525dd8bb7fb1777	256	166	256	168	4	55	128	128	0	-1	IDENTICAL
097cb426910ba8ce2525dd8bb7fb1777	256	166	256	168	6	12	3301	3301	0	-1	IDENTICAL
097cb426910ba8ce2525dd8bb7fb1777	256	166	256	168	6	33	552	552	0	-1	IDENTICAL
097cb426910ba8ce2525dd8bb7fb1777	256	166	256	168	6	55	132	132	0	-1	IDENTICAL
097cb426910ba8ce2525dd8bb7fb1777	256	166	256	168	8	12	3366	3366	0	-1	IDENTICAL
097cb426910ba8ce2525dd8bb7fb1777	256	166	256	168	8	33	597	597	0	-1	IDENTICAL
097cb426910ba8ce2525dd8bb7fb1777	256	166	256	168	8	55	142	142	0	-1	IDENTICAL
097cb426910ba8ce2525dd8bb7fb1777	256	166	256	168	10	12	3423	3423	0	-1	IDENTICAL
097cb426910ba8ce2525dd8bb7fb1777	256	166	256	168	10	33	619	619	0	-1	IDENTICAL
097cb426910ba8ce2525dd8bb7fb1777	256	166	256	168	10	55	144	144	0	-1	IDENTICAL
097cb426910ba8ce2525dd8bb7fb1777	256	166	256	168	13	12	3423	3423	0	-1	IDENTICAL
097cb426910ba8ce2525dd8bb7fb1777	256	166	256	168	13	33	619	619	0	-1	IDENTICAL
097cb426910ba8ce2525dd8bb7fb1777	256	166	256	168	13	55	144	144	0	-1	IDENTICAL
097cb426910ba8ce2525dd8bb7fb1777	188	256	192	256	2	12	3607	3607	0	-1	IDENTICAL
097cb426910ba8ce2525dd8bb7fb1777	188	256	192	256	2	33	501	501	0	-1	IDENTICAL
097cb426910ba8ce2525dd8bb7fb1777	188	256	192	256	2	55	133	133	0	-1	IDENTICAL
097cb426910ba8ce2525dd8bb7fb1777	188	256	192	256	4	12	3638	3638	0	-1	IDENTICAL
097cb426910ba8ce2525dd8bb7fb1777	188	256	192	256	4	33	491	491	0	-1	IDENTICAL
097cb426910ba8ce2525dd8bb7fb1777	188	256	192	256	4	55	139	139	0	-1	IDENTICAL
097cb426910ba8ce2525dd8bb7fb1777	188	256	192	256	6	12	3821	3821	0	-1	IDENTICAL
097cb426910ba8ce2525dd8bb7fb1777	188	256	192	256	6	33	569	569	0	-1	IDENTICAL
097cb426910ba8ce2525dd8bb7fb1777	188	256	192	256	6	55	147	147	0	-1	IDENTICAL
097cb426910ba8ce2525dd8bb7fb1777	188	256	192	256	8	12	3930	3930	0	-1	IDENTICAL
097cb426910ba8ce2525dd8bb7fb1777	188	256	192	256	8	33	626	626	0	-1	IDENTICAL
097cb426910ba8ce2525dd8bb7fb1777	188	256	192	256	8	55	147	147	0	-1	IDENTICAL
097cb426910ba8ce2525dd8bb7fb1777	188	256	192	256	10	12	3966	3966	0	-1	IDENTICAL
097cb426910ba8ce2525dd8bb7fb1777	188	256	192	256	10	33	633	633	0	-1	IDENTICAL
097cb426910ba8ce2525dd8bb7fb1777	188	256	192	256	10	55	138	138	0	-1	IDENTICAL
097cb426910ba8ce2525dd8bb7fb1777	188	256	192	256	13	12	3966	3966	0	-1	IDENTICAL
097cb426910ba8ce2525dd8bb7fb1777	188	256	192	256	13	33	633	633	0	-1	IDENTICAL
097cb426910ba8ce2525dd8bb7fb1777	188	256	192	256	13	55	138	138	0	-1	IDENTICAL
097cb426910ba8ce2525dd8bb7fb1777	256	160	256	160	2	12	2957	2957	0	-1	IDENTICAL
097cb426910ba8ce2525dd8bb7fb1777	256	160	256	160	2	33	454	454	0	-1	IDENTICAL
097cb426910ba8ce2525dd8bb7fb1777	256	160	256	160	2	55	132	132	0	-1	IDENTICAL
097cb426910ba8ce2525dd8bb7fb1777	256	160	256	160	4	12	2943	2943	0	-1	IDENTICAL
097cb426910ba8ce2525dd8bb7fb1777	256	160	256	160	4	33	453	453	0	-1	IDENTICAL
097cb426910ba8ce2525dd8bb7fb1777	256	160	256	160	4	55	124	124	0	-1	IDENTICAL
097cb426910ba8ce2525dd8bb7fb1777	256	160	256	160	6	12	3136	3136	0	-1	IDENTICAL
097cb426910ba8ce2525dd8bb7fb1777	256	160	256	160	6	33	529	529	0	-1	IDENTICAL
097cb426910ba8ce2525dd8bb7fb1777	256	160	256	160	6	55	138	138	0	-1	IDENTICAL
097cb426910ba8ce2525dd8bb7fb1777	256	160	256	160	8	12	3195	3195	0	-1	IDENTICAL
097cb426910ba8ce2525dd8bb7fb1777	256	160	256	160	8	33	559	559	0	-1	IDENTICAL
097cb426910ba8ce2525dd8bb7fb1777	256	160	256	160	8	55	134	134	0	-1	IDENTICAL
097cb426910ba8ce2525dd8bb7fb1777	256	160	256	160	10	12	3250	3250	0	-1	IDENTICAL
097cb426910ba8ce2525dd8bb7fb1777	256	160	256	160	10	33	590	590	0	-1	IDENTICAL
097cb426910ba8ce2525dd8bb7fb1777	256	160	256	160	10	55	132	132	0	-1	IDENTICAL
097cb426910ba8ce2525dd8bb7fb1777	256	160	256	160	13	12	3250	3250	0	-1	IDENTICAL
097cb426910ba8ce2525dd8bb7fb1777	256	160	256	160	13	33	590	590	0	-1	IDENTICAL
097cb426910ba8ce2525dd8bb7fb1777	256	160	256	160	13	55	132	132	0	-1	IDENTICAL
gui	64	64	64	64	2	12	430	430	0	-1	IDENTICAL
gui	64	64	64	64	2	33	269	269	0	-1	IDENTICAL
gui	64	64	64	64	2	55	120	120	0	-1	IDENTICAL
gui	64	64	64	64	4	12	471	471	0	-1	IDENTICAL
gui	64	64	64	64	4	33	271	271	0	-1	IDENTICAL
gui	64	64	64	64	4	55	124	124	0	-1	IDENTICAL
gui	64	64	64	64	6	12	490	490	0	-1	IDENTICAL
gui	64	64	64	64	6	33	298	298	0	-1	IDENTICAL
gui	64	64	64	64	6	55	131	131	0	-1	IDENTICAL
gui	64	64	64	64	8	12	519	519	0	-1	IDENTICAL
gui	64	64	64	64	8	33	293	293	0	-1	IDENTICAL
gui	64	64	64	64	8	55	126	126	0	-1	IDENTICAL
gui	64	64	64	64	10	12	559	559	0	-1	IDENTICAL
gui	64	64	64	64	10	33	298	298	0	-1	IDENTICAL
gui	64	64	64	64	10	55	115	115	0	-1	IDENTICAL
gui	64	64	64	64	13	12	559	559	0	-1	IDENTICAL
gui	64	64	64	64	13	33	298	298	0	-1	IDENTICAL
gui	64	64	64	64	13	55	115	115	0	-1	IDENTICAL
gui	96	88	96	88	2	12	558	558	0	-1	IDENTICAL
gui	96	88	96	88	2	33	330	330	0	-1	IDENTICAL
gui	96	88	96	88	2	55	144	144	0	-1	IDENTICAL
gui	96	88	96	88	4	12	614	614	0	-1	IDENTICAL
gui	96	88	96	88	4	33	368	368	0	-1	IDENTICAL
gui	96	88	96	88	4	55	152	152	0	-1	IDENTICAL
gui	96	88	96	88	6	12	659	659	0	-1	IDENTICAL
gui	96	88	96	88	6	33	402	402	0	-1	IDENTICAL
gui	96	88	96	88	6	55	161	161	0	-1	IDENTICAL
gui	96	88	96	88	8	12	753	753	0	-1	IDENTICAL
gui	96	88	96	88	8	33	413	413	0	-1	IDENTICAL
gui	96	88	96	88	8	55	156	156	0	-1	IDENTICAL
gui	96	88	96	88	10	12	808	808	0	-1	IDENTICAL
gui	96	88	96	88	10	33	433	433	0	-1	IDENTICAL
gui	96	88	96	88	10	55	153	153	0	-1	IDENTICAL
gui	96	88	96	88	13	12	808	808	0	-1	IDENTICAL
gui	96	88	96	88	13	33	433	433	0	-1	IDENTICAL
gui	96	88	96	88	13	55	153	153	0	-1	IDENTICAL
gui	128	136	128	136	2	12	866	866	0	-1	IDENTICAL
gui	128	136	128	136	2	33	461	461	0	-1	IDENTICAL
gui	128	136	128	136	2	55	198	198	0	-1	IDENTICAL
gui	128	136	128	136	4	12	893	893	0	-1	IDENTICAL
gui	128	136	128	136	4	33	480	480	0	-1	IDENTICAL
gui	128	136	128	136	4	55	205	205	0	-1	IDENTICAL
gui	128	136	128	136	6	12	952	952	0	-1	IDENTICAL
gui	128	136	128	136	6	33	528	528	0	-1	IDENTICAL
gui	128	136	128	136	6	55	210	210	0	-1	IDENTICAL
gui	128	136	128	136	8	12	1103	1103	0	-1	IDENTICAL
gui	128	136	128	136	8	33	575	575	0	-1	IDENTICAL
gui	128	136	128	136	8	55	212	212	0	-1	IDENTICAL
gui	128	136	128	136	10	12	1289	1289	0	-1	IDENTICAL
gui	128	136	128	136	10	33	670	670	0	-1	IDENTICAL
gui	128	136	128	136	10	55	212	212	0	-1	IDENTICAL
gui	128	136	128	136	13	12	1289	1289	0	-1	IDENTICAL
gui	128	136	128	136	13	33	670	670	0	-1	IDENTICAL
gui	128	136	128	136	13	55	212	212	0	-1	IDENTICAL
gui	256	166	256	168	2	12	1685	1685	0	-1	IDENTICAL
gui	256	166	256	168	2	33	985	985	0	-1	IDENTICAL
gui	256	166	256	168	2	55	386	386	0	-1	IDENTICAL
gui	256	166	256	168	4	12	1911	1911	0	-1	IDENTICAL
gui	256	166	256	168	4	33	1054	1054	0	-1	IDENTICAL
gui	256	166	256	168	4	55	410	410	0	-1	IDENTICAL
gui	256	166	256	168	6	12	2148	2148	0	-1	IDENTICAL
gui	256	166	256	168	6	33	1159	1159	0	-1	IDENTICAL
gui	256	166	256	168	6	55	410	410	0	-1	IDENTICAL
gui	256	166	256	168	8	12	2370	2370	0	-1	IDENTICAL
gui	256	166	256	168	8	33	1251	1251	0	-1	IDENTICAL
gui	256	166	256	168	8	55	409	409	0	-1	IDENTICAL
gui	256	166	256	168	10	12	2907	2907	0	-1	IDENTICAL
gui	256	166	256	168	10	33	1388	1388	0	-1	IDENTICAL
gui	256	166	256	168	10	55	396	396	0	-1	IDENTICAL
gui	256	166	256	168	13	12	2907	2907	0	-1	IDENTICAL
gui	256	166	256	168	13	33	1388	1388	0	-1	IDENTICAL
gui	256	166	256	168	13	55	396	396	0	-1	IDENTICAL
gui	188	256	192	256	2	12	1493	1493	0	-1	IDENTICAL
gui	188	256	192	256	2	33	825	825	0	-1	IDENTICAL
gui	188	256	192	256	2	55	357	357	0	-1	IDENTICAL
gui	188	256	192	256	4	12	1640	1640	0	-1	IDENTICAL
gui	188	256	192	256	4	33	914	914	0	-1	IDENTICAL
gui	188	256	192	256	4	55	360	360	0	-1	IDENTICAL
gui	188	256	192	256	6	12	1732	1732	0	-1	IDENTICAL
gui	188	256	192	256	6	33	1035	1035	0	-1	IDENTICAL
gui	188	256	192	256	6	55	394	394	0	-1	IDENTICAL
gui	188	256	192	256	8	12	2094	2094	0	-1	IDENTICAL
gui	188	256	192	256	8	33	1139	1139	0	-1	IDENTICAL
gui	188	256	192	256	8	55	386	386	0	-1	IDENTICAL
gui	188	256	192	256	10	12	2934	2934	0	-1	IDENTICAL
gui	188	256	192	256	10	33	1429	1429	0	-1	IDENTICAL
gui	188	256	192	256	10	55	411	411	0	-1	IDENTICAL
gui	188	256	192	256	13	12	2934	2934	0	-1	IDENTICAL
gui	188	256	192	256	13	33	1429	1429	0	-1	IDENTICAL
gui	188	256	192	256	13	55	411	411	0	-1	IDENTICAL
gui	256	160	256	160	2	12	1708	1708	0	-1	IDENTICAL
gui	256	160	256	160	2	33	997	997	0	-1	IDENTICAL
gui	256	160	256	160	2	55	399	399	0	-1	IDENTICAL
gui	256	160	256	160	4	12	1829	1829	0	-1	IDENTICAL
gui	256	160	256	160	4	33	1078	1078	0	-1	IDENTICAL
gui	256	160	256	160	4	55	391	391	0	-1	IDENTICAL
gui	256	160	256	160	6	12	2008	2008	0	-1	IDENTICAL
gui	256	160	256	160	6	33	1201	1201	0	-1	IDENTICAL
gui	256	160	256	160	6	55	432	432	0	-1	IDENTICAL
gui	256	160	256	160	8	12	2266	2266	0	-1	IDENTICAL
gui	256	160	256	160	8	33	1290	1290	0	-1	IDENTICAL
gui	256	160	256	160	8	55	413	413	0	-1	IDENTICAL
gui	256	160	256	160	10	12	2865	2865	0	-1	IDENTICAL
gui	256	160	256	160	10	33	1404	1404	0	-1	IDENTICAL
gui	256	160	256	160	10	55	439	439	0	-1	IDENTICAL
gui	256	160	256	160	13	12	2865	2865	0	-1	IDENTICAL
gui	256	160	256	160	13	33	1404	1404	0	-1	IDENTICAL
gui	256	160	256	160	13	55	439	439	0	-1	IDENTICAL
graph	64	64	64	64	2	12	42	42	0	-1	IDENTICAL
graph	64	64	64	64	2	33	34	34	0	-1	IDENTICAL
graph	64	64	64	64	2	55	27	27	0	-1	IDENTICAL
graph	64	64	64	64	4	12	37	37	0	-1	IDENTICAL
graph	64	64	64	64	4	33	41	41	0	-1	IDENTICAL
graph	64	64	64	64	4	55	34	34	0	-1	IDENTICAL
graph	64	64	64	64	6	12	54	54	0	-1	IDENTICAL
graph	64	64	64	64	6	33	43	43	0	-1	IDENTICAL
graph	64	64	64	64	6	55	36	36	0	-1	IDENTICAL
graph	64	64	64	64	8	12	97	97	0	-1	IDENTICAL
graph	64	64	64	64	8	33	67	67	0	-1	IDENTICAL
graph	64	64	64	64	8	55	25	25	0	-1	IDENTICAL
graph	64	64	64	64	10	12	162	162	0	-1	IDENTICAL
graph	64	64	64	64	10	33	107	107	0	-1	IDENTICAL
graph	64	64	64	64	10	55	28	28	0	-1	IDENTICAL
graph	64	64	64	64	13	12	162	162	0	-1	IDENTICAL
graph	64	64	64	64	13	33	107	107	0	-1	IDENTICAL
graph	64	64	64	64	13	55	28	28	0	-1	IDENTICAL
graph	96	88	96	88	2	12	42	42	0	-1	IDENTICAL
graph	96	88	96	88	2	33	40	40	0	-1	IDENTICAL
graph	96	88	96	88	2	55	39	39	0	-1	IDENTICAL
graph	96	88	96	88	4	12	42	42	0	-1	IDENTICAL
graph	96	88	96	88	4	33	41	41	0	-1	IDENTICAL
graph	96	88	96	88	4	55	33	33	0	-1	IDENTICAL
graph	96	88	96	88	6	12	65	65	0	-1	IDENTICAL
graph	96	88	96	88	6	33	56	56	0	-1	IDENTICAL
graph	96	88	96	88	6	55	41	41	0	-1	IDENTICAL
graph	96	88	96	88	8	12	114	114	0	-1	IDENTICAL
graph	96	88	96	88	8	33	89	89	0	-1	IDENTICAL
graph	96	88	96	88	8	55	32	32	0	-1	IDENTICAL
graph	96	88	96	88	10	12	220	220	0	-1	IDENTICAL
graph	96	88	96	88	10	33	126	126	0	-1	IDENTICAL
graph	96	88	96	88	10	55	32	32	0	-1	IDENTICAL
graph	96	88	96	88	13	12	220	220	0	-1	IDENTICAL
graph	96	88	96	88	13	33	126	126	0	-1	IDENTICAL
graph	96	88	96	88	13	55	32	32	0	-1	IDENTICAL
graph	128	136	128	136	2	12	51	51	0	-1	IDENTICAL
graph	128	136	128	136	2	33	47	47	0	-1	IDENTICAL
graph	128	136	128	136	2	55	42	42	0	-1	IDENTICAL
graph	128	136	128	136	4	12	51	51	0	-1	IDENTICAL
graph	128	136	128	136	4	33	60	60	0	-1	IDENTICAL
graph	128	136	128	136	4	55	40	40	0	-1	IDENTICAL
graph	128	136	128	136	6	12	88	88	0	-1	IDENTICAL
graph	128	136	128	136	6	33	72	72	0	-1	IDENTICAL
graph	128	136	128	136	6	55	58	58	0	-1	IDENTICAL
graph	128	136	128	136	8	12	228	228	0	-1	IDENTICAL
graph	128	136	128	136	8	33	139	139	0	-1	IDENTICAL
graph	128	136	128	136	8	55	64	64	0	-1	IDENTICAL
graph	128	136	128	136	10	12	346	346	0	-1	IDENTICAL
graph	128	136	128	136	10	33	237	237	0	-1	IDENTICAL
graph	128	136	128	136	10	55	85	85	0	-1	IDENTICAL
graph	128	136	128	136	13	12	346	346	0	-1	IDENTICAL
graph	128	136	128	136	13	33	237	237	0	-1	IDENTICAL
graph	128	136	128	136	13	55	85	85	0	-1	IDENTICAL
graph	256	166	256	168	2	12	487	487	0	-1	IDENTICAL
graph	256	166	256	168	2	33	290	290	0	-1	IDENTICAL
graph	256	166	256	168	2	55	126	126	0	-1	IDENTICAL
graph	256	166	256	168	4	12	486	486	0	-1	IDENTICAL
graph	256	166	256	168	4	33	291	291	0	-1	IDENTICAL
graph	256	166	256	168	4	55	155	155	0	-1	IDENTICAL
graph	256	166	256	168	6	12	628	628	0	-1	IDENTICAL
graph	256	166	256	168	6	33	433	433	0	-1	IDENTICAL
graph	256	166	256	168	6	55	194	194	0	-1	IDENTICAL
graph	256	166	256	168	8	12	1068	1068	0	-1	IDENTICAL
graph	256	166	256	168	8	33	633	633	0	-1	IDENTICAL
graph	256	166	256	168	8	55	163	163	0	-1	IDENTICAL
graph	256	166	256	168	10	12	1772	1772	0	-1	IDENTICAL
graph	256	166	256	168	10	33	1028	1028	0	-1	IDENTICAL
graph	256	166	256	168	10	55	253	253	0	-1	IDENTICAL
graph	256	166	256	168	13	12	1772	1772	0	-1	IDENTICAL
graph	256	166	256	168	13	33	1028	1028	0	-1	IDENTICAL
graph	256	166	256	168	13	55	253	253	0	-1	IDENTICAL
graph	188	256	192	256	2	12	931	931	0	-1	IDENTICAL
graph	188	256	192	256	2	33	513	513	0	-1	IDENTICAL
graph	188	256	192	256	2	55	221	221	0	-1	IDENTICAL
graph	188	256	192	256	4	12	992	992	0	-1	IDENTICAL
graph	188	256	192	256	4	33	560	560	0	-1	IDENTICAL
graph	188	256	192	256	4	55	218	218	0	-1	IDENTICAL
graph	188	256	192	256	6	12	1127	1127	0	-1	IDENTICAL
graph	188	256	192	256	6	33	739	739	0	-1	IDENTICAL
graph	188	256	192	256	6	55	319	319	0	-1	IDENTICAL
graph	188	256	192	256	8	12	1629	1629	0	-1	IDENTICAL
graph	188	256	192	256	8	33	932	932	0	-1	IDENTICAL
graph	188	256	192	256	8	55	264	264	0	-1	IDENTICAL
graph	188	256	192	256	10	12	2513	2513	0	-1	IDENTICAL
graph	188	256	192	256	10	33	1314	1314	0	-1	IDENTICAL
graph	188	256	192	256	10	55	283	283	0	-1	IDENTICAL
graph	188	256	192	256	13	12	2513	2513	0	-1	IDENTICAL
graph	188	256	192	256	13	33	1314	1314	0	-1	IDENTICAL
graph	188	256	192	256	13	55	283	283	0	-1	IDENTICAL
graph	256	160	256	160	2	12	363	363	0	-1	IDENTICAL
graph	256	160	256	160	2	33	229	229	0	-1	IDENTICAL
graph	256	160	256	160	2	55	106	106	0	-1	IDENTICAL
graph	256	160	256	160	4	12	366	366	0	-1	IDENTICAL
graph	256	160	256	160	4	33	245	245	0	-1	IDENTICAL
graph	256	160	256	160	4	55	133	133	0	-1	IDENTICAL
graph	256	160	256	160	6	12	501	501	0	-1	IDENTICAL
graph	256	160	256	160	6	33	376	376	0	-1	IDENTICAL
graph	256	160	256	160	6	55	199	199	0	-1	IDENTICAL
graph	256	160	256	160	8	12	859	859	0	-1	IDENTICAL
graph	256	160	256	160	8	33	520	520	0	-1	IDENTICAL
graph	256	160	256	160	8	55	153	153	0	-1	IDENTICAL
graph	256	160	256	160	10	12	1291	1291	0	-1	IDENTICAL
graph	256	160	256	160	10	33	763	763	0	-1	IDENTICAL
graph	256	160	256	160	10	55	189	189	0	-1	IDENTICAL
graph	256	160	256	160	13	12	1291	1291	0	-1	IDENTICAL
graph	256	160	256	160	13	33	763	763	0	-1	IDENTICAL
graph	256	160	256	160	13	55	189	189	0	-1	IDENTICAL
terminal	64	64	64	64	2	12	454	454	0	-1	IDENTICAL
terminal	64	64	64	64	2	33	290	290	0	-1	IDENTICAL
terminal	64	64	64	64	2	55	127	127	0	-1	IDENTICAL
terminal	64	64	64	64	4	12	421	421	0	-1	IDENTICAL
terminal	64	64	64	64	4	33	297	297	0	-1	IDENTICAL
terminal	64	64	64	64	4	55	135	135	0	-1	IDENTICAL
terminal	64	64	64	64	6	12	505	505	0	-1	IDENTICAL
terminal	64	64	64	64	6	33	368	368	0	-1	IDENTICAL
terminal	64	64	64	64	6	55	168	168	0	-1	IDENTICAL
terminal	64	64	64	64	8	12	990	990	0	-1	IDENTICAL
terminal	64	64	64	64	8	33	500	500	0	-1	IDENTICAL
terminal	64	64	64	64	8	55	116	116	0	-1	IDENTICAL
terminal	64	64	64	64	10	12	1057	1057	0	-1	IDENTICAL
terminal	64	64	64	64	10	33	506	506	0	-1	IDENTICAL
terminal	64	64	64	64	10	55	153	153	0	-1	IDENTICAL
terminal	64	64	64	64	13	12	1057	1057	0	-1	IDENTICAL
terminal	64	64	64	64	13	33	506	506	0	-1	IDENTICAL
terminal	64	64	64	64	13	55	153	153	0	-1	IDENTICAL
terminal	96	88	96	88	2	12	795	795	0	-1	IDENTICAL
terminal	96	88	96	88	2	33	496	496	0	-1	IDENTICAL
terminal	96	88	96	88	2	55	211	211	0	-1	IDENTICAL
terminal	96	88	96	88	4	12	782	782	0	-1	IDENTICAL
terminal	96	88	96	88	4	33	523	523	0	-1	IDENTICAL
terminal	96	88	96	88	4	55	219	219	0	-1	IDENTICAL
terminal	96	88	96	88	6	12	949	949	0	-1	IDENTICAL
terminal	96	88	96	88	6	33	650	650	0	-1	IDENTICAL
terminal	96	88	96	88	6	55	243	243	0	-1	IDENTICAL
terminal	96	88	96	88	8	12	1566	1566	0	-1	IDENTICAL
terminal	96	88	96	88	8	33	865	865	0	-1	IDENTICAL
terminal	96	88	96	88	8	55	229	229	0	-1	IDENTICAL
terminal	96	88	96	88	10	12	2241	2241	0	-1	IDENTICAL
terminal	96	88	96	88	10	33	1039	1039	0	-1	IDENTICAL
terminal	96	88	96	88	10	55	240	240	0	-1	IDENTICAL
terminal	96	88	96	88	13	12	2241	2241	0	-1	IDENTICAL
terminal	96	88	96	88	13	33	1039	1039	0	-1	IDENTICAL
terminal	96	88	96	88	13	55	240	240	0	-1	IDENTICAL
terminal	128	136	128	136	2	12	1395	1395	0	-1	IDENTICAL
terminal	128	136	128	136	2	33	885	885	0	-1	IDENTICAL
terminal	128	136	128	136	2	55	391	391	0	-1	IDENTICAL
terminal	128	136	128	136	4	12	1377	1377	0	-1	IDENTICAL
terminal	128	136	128	136	4	33	877	877	0	-1	IDENTICAL
terminal	128	136	128	136	4	55	422	422	0	-1	IDENTICAL
terminal	128	136	128	136	6	12	1537	1537	0	-1	IDENTICAL
terminal	128	136	128	136	6	33	1049	1049	0	-1	IDENTICAL
terminal	128	136	128	136	6	55	389	389	0	-1	IDENTICAL
terminal	128	136	128	136	8	12	2931	2931	0	-1	IDENTICAL
terminal	128	136	128	136	8	33	1520	1520	0	-1	IDENTICAL
terminal	128	136	128	136	8	55	368	368	0	-1	IDENTICAL
terminal	128	136	128	136	10	12	3754	3754	0	-1	IDENTICAL
terminal	128	136	128	136	10	33	1713	1713	0	-1	IDENTICAL
terminal	128	136	128	136	10	55	408	408	0	-1	IDENTICAL
terminal	128	136	128	136	13	12	3754	3754	0	-1	IDENTICAL
terminal	128	136	128	136	13	33	1713	1713	0	-1	IDENTICAL
terminal	128	136	128	136	13	55	408	408	0	-1	IDENTICAL
terminal	256	166	256	168	2	12	3549	3549	0	-1	IDENTICAL
terminal	256	166	256	168	2	33	2164	2164	0	-1	IDENTICAL
terminal	256	166	256	168	2	55	780	780	0	-1	IDENTICAL
terminal	256	166	256	168	4	12	4003	4003	0	-1	IDENTICAL
terminal	256	166	256	168	4	33	2316	2316	0	-1	IDENTICAL
terminal	256	166	256	168	4	55	807	807	0	-1	IDENTICAL
terminal	256	166	256	168	6	12	4339	4339	0	-1	IDENTICAL
terminal	256	166	256	168	6	33	2516	2516	0	-1	IDENTICAL
terminal	256	166	256	168	6	55	832	832	0	-1	IDENTICAL
terminal	256	166	256	168	8	12	5198	5198	0	-1	IDENTICAL
terminal	256	166	256	168	8	33	2705	2705	0	-1	IDENTICAL
terminal	256	166	256	168	8	55	815	815	0	-1	IDENTICAL
terminal	256	166	256	168	10	12	6725	6725	0	-1	IDENTICAL
terminal	256	166	256	168	10	33	3138	3138	0	-1	IDENTICAL
terminal	256	166	256	168	10	55	811	811	0	-1	IDENTICAL
terminal	256	166	256	168	13	12	6725	6725	0	-1	IDENTICAL
terminal	256	166	256	168	13	33	3138	3138	0	-1	IDENTICAL
terminal	256	166	256	168	13	55	811	811	0	-1	IDENTICAL
terminal	188	256	192	256	2	12	2666	2666	0	-1	IDENTICAL
terminal	188	256	192	256	2	33	1670	1670	0	-1	IDENTICAL
terminal	188	256	192	256	2	55	772	772	0	-1	IDENTICAL
terminal	188	256	192	256	4	12	2698	2698	0	-1	IDENTICAL
terminal	188	256	192	256	4	33	1705	1705	0	-1	IDENTICAL
terminal	188	256	192	256	4	55	784	784	0	-1	IDENTICAL
terminal	188	256	192	256	6	12	3037	3037	0	-1	IDENTICAL
terminal	188	256	192	256	6	33	2077	2077	0	-1	IDENTICAL
terminal	188	256	192	256	6	55	948	948	0	-1	IDENTICAL
terminal	188	256	192	256	8	12	6279	6279	0	-1	IDENTICAL
terminal	188	256	192	256	8	33	3165	3165	0	-1	IDENTICAL
terminal	188	256	192	256	8	55	846	846	0	-1	IDENTICAL
terminal	188	256	192	256	10	12	7605	7605	0	-1	IDENTICAL
terminal	188	256	192	256	10	33	3577	3577	0	-1	IDENTICAL
terminal	188	256	192	256	10	55	842	842	0	-1	IDENTICAL
terminal	188	256	192	256	13	12	7605	7605	0	-1	IDENTICAL
terminal	188	256	192	256	13	33	3577	3577	0	-1	IDENTICAL
terminal	188	256	192	256	13	55	842	842	0	-1	IDENTICAL
terminal	256	160	256	160	2	12	3651	3651	0	-1	IDENTICAL
terminal	256	160	256	160	2	33	2269	2269	0	-1	IDENTICAL
terminal	256	160	256	160	2	55	826	826	0	-1	IDENTICAL
terminal	256	160	256	160	4	12	4387	4387	0	-1	IDENTICAL
terminal	256	160	256	160	4	33	2595	2595	0	-1	IDENTICAL
terminal	256	160	256	160	4	55	832	832	0	-1	IDENTICAL
terminal	256	160	256	160	6	12	4935	4935	0	-1	IDENTICAL
terminal	256	160	256	160	6	33	2796	2796	0	-1	IDENTICAL
terminal	256	160	256	160	6	55	856	856	0	-1	IDENTICAL
terminal	256	160	256	160	8	12	5843	5843	0	-1	IDENTICAL
terminal	256	160	256	160	8	33	3011	3011	0	-1	IDENTICAL
terminal	256	160	256	160	8	55	852	852	0	-1	IDENTICAL
terminal	256	160	256	160	10	12	6955	6955	0	-1	IDENTICAL
terminal	256	160	256	160	10	33	3327	3327	0	-1	IDENTICAL
terminal	256	160	256	160	10	55	854	854	0	-1	IDENTICAL
terminal	256	160	256	160	13	12	6955	6955	0	-1	IDENTICAL
terminal	256	160	256	160	13	33	3327	3327	0	-1	IDENTICAL
terminal	256	160	256	160	13	55	854	854	0	-1	IDENTICAL
cells=648 identical=648
